student_id,student_name,student_email,student_phone,program_name
S0000000001,John Smith,john.smith@example.com,353871000000,level 7 Diploma in Networking & Systems Security
S0000000002,Emily Johnson,emily.johnson@example.com,353872000000,Level 7 Diploma in Applied Software Development
S0000000003,Michael Williams,michael.williams@example.com,353853000000,Level 7 Diploma in Data Analytics for Business
S0000000004,Sarah Brown,sarah.brown@example.com,353865000000,level 8 Higher Diploma in Data Analytics for Business 
S0000000005,James Jones,james.jones@example.com,353836000000,level 8 Higher Diploma in Artificial Intelligence 
S0000000006,Emma Garcia,emma.garcia@example.com,353857000000,level 8 Higher Diploma in Computing
S0000000007,William Davis,william.davis@example.com,353878000000,MSc in Data Analytics
S0000000008,Olivia Rodriguez,olivia.rodriguez@example.com,353869000000,Level 8 Computer Science
S0000000009,Benjamin Martinez,benjamin.martinez@example.com,353839000000,Master of Science in Cybersecurity
S0000000010,Sophia Hernandez,sophia.hernandez@example.com,353850000000,level 7 Diploma in Networking & Systems Security
S0000000011,Alexander Lopez,alexander.lopez@example.com,353871000000,Level 7 Diploma in Applied Software Development
S0000000012,Isabella Gonzalez,isabella.gonzalez@example.com,353862000000,Level 7 Diploma in Data Analytics for Business
S0000000013,Daniel Wilson,daniel.wilson@example.com,353853000000,level 8 Higher Diploma in Data Analytics for Business 
S0000000014,Mia Anderson,mia.anderson@example.com,353835000000,level 8 Higher Diploma in Artificial Intelligence 
S0000000015,David Taylor,david.taylor@example.com,353876000000,level 8 Higher Diploma in Computing
S0000000016,Charlotte Thomas,charlotte.thomas@example.com,353857000000,MSc in Data Analytics
S0000000017,Ethan Moore,ethan.moore@example.com,353878000000,Level 8 Computer Science
S0000000018,Ava Jackson,ava.jackson@example.com,353869000000,Master of Science in Cybersecurity
S0000000019,Joseph White,joseph.white@example.com,353839000000,level 7 Diploma in Networking & Systems Security
S0000000020,Amelia Harris,amelia.harris@example.com,353850000000,Level 7 Diploma in Applied Software Development
S0000000021,Samuel Martin,samuel.martin@example.com,353871000000,Level 7 Diploma in Data Analytics for Business
S0000000022,Evelyn Thompson,evelyn.thompson@example.com,353862000000,level 8 Higher Diploma in Data Analytics for Business 
S0000000023,Christopher Lewis,christopher.lewis@example.com,353853000000,level 8 Higher Diploma in Artificial Intelligence 
S0000000024,Victoria Hall,victoria.hall@example.com,353835000000,level 8 Higher Diploma in Computing
S0000000025,Matthew Adams,matthew.adams@example.com,353876000000,MSc in Data Analytics
S0000000026,Harper Allen,harper.allen@example.com,353857000000,Level 8 Computer Science
S0000000027,Andrew Nelson,andrew.nelson@example.com,353878000000,Master of Science in Cybersecurity
S0000000028,Madison Carter,madison.carter@example.com,353869000000,level 7 Diploma in Networking & Systems Security
S0000000029,Joshua Baker,joshua.baker@example.com,353839000000,Level 7 Diploma in Applied Software Development
S0000000030,Abigail Perez,abigail.perez@example.com,353850000000,Level 7 Diploma in Data Analytics for Business
S0000000031,Ryan Campbell,ryan.campbell@example.com,353871000000,level 8 Higher Diploma in Data Analytics for Business 
S0000000032,Elizabeth Evans,elizabeth.evans@example.com,353862000000,level 8 Higher Diploma in Artificial Intelligence 
S0000000033,Gabriel Perez,gabriel.perez@example.com,353853000000,level 8 Higher Diploma in Computing
S0000000034,Sofia Phillips,sofia.phillips@example.com,353835000000,MSc in Data Analytics
S0000000035,Jackson Reed,jackson.reed@example.com,353876000000,Level 8 Computer Science
S0000000036,Aria Torres,aria.torres@example.com,353857000000,Master of Science in Cybersecurity
S0000000037,Daniel Parker,daniel.parker@example.com,353878000000,level 7 Diploma in Networking & Systems Security
S0000000038,Lily Hill,lily.hill@example.com,353869000000,Level 7 Diploma in Applied Software Development
S0000000039,Samuel Wright,samuel.wright@example.com,353839000000,Level 7 Diploma in Data Analytics for Business
S0000000040,Grace Scott,grace.scott@example.com,353850000000,level 8 Higher Diploma in Data Analytics for Business 
S0000000041,Aiden Green,aiden.green@example.com,353871000000,level 8 Higher Diploma in Artificial Intelligence 
S0000000042,Avery Mitchell,avery.mitchell@example.com,353862000000,level 8 Higher Diploma in Computing
S0000000043,Alexander King,alexander.king@example.com,353853000000,MSc in Data Analytics
S0000000044,Ella Lopez,ella.lopez@example.com,353835000000,Level 8 Computer Science
S0000000045,Logan Adams,logan.adams@example.com,353876000000,Master of Science in Cybersecurity
S0000000046,Scarlett Collins,scarlett.collins@example.com,353857000000,level 7 Diploma in Networking & Systems Security
S0000000047,Nathan Martinez,nathan.martinez@example.com,353878000000,Level 7 Diploma in Applied Software Development
S0000000048,Zoey Rivera,zoey.rivera@example.com,353869000000,Level 7 Diploma in Data Analytics for Business
S0000000049,Christopher Cooper,christopher.cooper@example.com,353839000000,level 8 Higher Diploma in Data Analytics for Business 
S0000000050,Mila Ward,mila.ward@example.com,353850000000,level 8 Higher Diploma in Artificial Intelligence 
S0000000051,Anthony Morris,anthony.morris@example.com,353871000000,level 8 Higher Diploma in Computing
S0000000052,Leah Murphy,leah.murphy@example.com,353862000000,MSc in Data Analytics
S0000000053,Christian Torres,christian.torres@example.com,353853000000,Level 8 Computer Science
S0000000054,Sofia Butler,sofia.butler@example.com,353835000000,Master of Science in Cybersecurity
S0000000055,Matthew Morgan,matthew.morgan@example.com,353876000000,level 7 Diploma in Networking & Systems Security
S0000000056,Harper Hayes,harper.hayes@example.com,353857000000,Level 7 Diploma in Applied Software Development
S0000000057,Julian Ramirez,julian.ramirez@example.com,353878000000,Level 7 Diploma in Data Analytics for Business
S0000000058,Aubrey Reed,audrey.peterson@example.com,353869000000,level 8 Higher Diploma in Data Analytics for Business 
S0000000059,Jonathan Peterson,david.garcia@example.com,353839000000,level 8 Higher Diploma in Artificial Intelligence 
S0000000060,Bella Gonzales,hannah.wright@example.com,353850000000,level 8 Higher Diploma in Computing
S0000000061,David Garcia,caleb.hall@example.com,353871000000,MSc in Data Analytics
S0000000062,Hannah Wright,zoe.stewart@example.com,353862000000,Level 8 Computer Science
S0000000063,Caleb Hall,oliver.scott@example.com,353853000000,Master of Science in Cybersecurity
S0000000064,Zoe Stewart,stella.long@example.com,353835000000,level 7 Diploma in Networking & Systems Security
S0000000065,Oliver Scott,tyler.diaz@example.com,353876000000,Level 7 Diploma in Applied Software Development
S0000000066,Stella Long,layla.foster@example.com,353857000000,Level 7 Diploma in Data Analytics for Business
S0000000067,Tyler Diaz,evan.russell@example.com,353878000000,level 8 Higher Diploma in Data Analytics for Business 
S0000000068,Layla Foster,ellie.bryant@example.com,353869000000,level 8 Higher Diploma in Artificial Intelligence 
S0000000069,Evan Russell,dylan.flores@example.com,353839000000,level 8 Higher Diploma in Computing
S0000000070,Ellie Bryant,addison.turner@example.com,353850000000,MSc in Data Analytics
S0000000071,Dylan Flores,samuel.howard@example.com,353871000000,Level 8 Computer Science
S0000000072,Addison Turner,natalie.sanchez@example.com,353862000000,Master of Science in Cybersecurity
S0000000073,Samuel Howard,luke.washington@example.com,353853000000,level 7 Diploma in Networking & Systems Security
S0000000074,Natalie Sanchez,lily.powell@example.com,353835000000,Level 7 Diploma in Applied Software Development
S0000000075,Luke Washington,brandon.clark@example.com,353876000000,Level 7 Diploma in Data Analytics for Business
S0000000076,Lily Powell,grace.taylor@example.com,353857000000,level 8 Higher Diploma in Data Analytics for Business 
S0000000077,Brandon Clark,jordan.young@example.com,353878000000,level 8 Higher Diploma in Artificial Intelligence 
S0000000078,Grace Taylor,anna.lewis@example.com,353869000000,level 8 Higher Diploma in Computing
S0000000079,Jordan Young,angelina.ross@example.com,353839000000,MSc in Data Analytics
S0000000080,Anna Lewis,isaac.harris@example.com,353850000000,Level 8 Computer Science
S0000000081,Angelina Ross,sarah.bennett@example.com,353871000000,Master of Science in Cybersecurity
S0000000082,Isaac Harris,isaac.perez@example.com,353862000000,level 7 Diploma in Networking & Systems Security
S0000000083,Sarah Bennett,clara.bailey@example.com,353853000000,Level 7 Diploma in Applied Software Development
S0000000084,Isaac Perez,jason.nelson@example.com,353835000000,Level 7 Diploma in Data Analytics for Business
S0000000085,Clara Bailey,riley.kelly@example.com,353876000000,level 8 Higher Diploma in Data Analytics for Business 
S0000000086,Jason Nelson,mackenzie.coleman@example.com,353857000000,level 8 Higher Diploma in Artificial Intelligence 
S0000000087,Riley Kelly,cameron.barnes@example.com,353878000000,level 8 Higher Diploma in Computing
S0000000088,Mackenzie Coleman,julia.bell@example.com,353869000000,MSc in Data Analytics
S0000000089,Cameron Barnes,charles.roberts@example.com,353839000000,Level 8 Computer Science
S0000000090,Julia Bell,hazel.watson@example.com,353850000000,Master of Science in Cybersecurity
S0000000091,Charles Roberts,thomas.cox@example.com,353871000000,level 7 Diploma in Networking & Systems Security
S0000000092,Hazel Watson,penelope.price@example.com,353862000000,Level 7 Diploma in Applied Software Development
S0000000093,Thomas Cox,leo.griffin@example.com,353853000000,Level 7 Diploma in Data Analytics for Business
S0000000094,Penelope Price,brooklyn.parker@example.com,353835000000,level 8 Higher Diploma in Data Analytics for Business 
S0000000095,Leo Griffin,owen.wright@example.com,353876000000,level 8 Higher Diploma in Artificial Intelligence 
S0000000096,Brooklyn Parker,lucy.wood@example.com,353857000000,level 8 Higher Diploma in Computing
S0000000097,Owen Wright,jack.ramirez@example.com,353878000000,MSc in Data Analytics
S0000000098,Lucy Wood,clara.foster@example.com,353869000000,Level 8 Computer Science
S0000000099,Jack Ramirez,lincoln.reed@example.com,353839000000,Master of Science in Cybersecurity
S0000000100,Clara Foster,eva.collins@example.com,353850000000,level 7 Diploma in Networking & Systems Security
S0000000101,Lincoln Reed,henry.phillips@example.com,353871000000,Level 7 Diploma in Applied Software Development
S0000000102,Eva Collins,audrey.patterson@example.com,353862000000,Level 7 Diploma in Data Analytics for Business
S0000000103,Henry Phillips,jackson.mitchell@example.com,353853000000,level 8 Higher Diploma in Data Analytics for Business 
S0000000104,Audrey Patterson,arianna.evans@example.com,353835000000,level 8 Higher Diploma in Artificial Intelligence 
S0000000105,Jackson Mitchell,wyatt.rivera@example.com,353876000000,level 8 Higher Diploma in Computing
S0000000106,Ariana Evans,nora.nelson@example.com,353857000000,MSc in Data Analytics
S0000000107,Wyatt Rivera,elijah.price@example.com,353878000000,Level 8 Computer Science
S0000000108,Nora Nelson,savannah.butler@example.com,353869000000,Master of Science in Cybersecurity
S0000000109,Elijah Price,levi.cooper@example.com,353839000000,level 7 Diploma in Networking & Systems Security
S0000000110,Savannah Butler,maya.brooks@example.com,353850000000,Level 7 Diploma in Applied Software Development
S0000000111,Levi Cooper,jonathan.howard@example.com,353871000000,Level 7 Diploma in Data Analytics for Business
S0000000112,Maya Brooks,scarlett.sullivan@example.com,353862000000,level 8 Higher Diploma in Data Analytics for Business 
S0000000113,Jonathan Howard,carter.richardson@example.com,353853000000,level 8 Higher Diploma in Artificial Intelligence 
S0000000114,Scarlett Sullivan,ruby.long@example.com,353835000000,level 8 Higher Diploma in Computing
S0000000115,Carter Richardson,connor.gonzales@example.com,353876000000,MSc in Data Analytics
S0000000116,Ruby Long,naomi.bryant@example.com,353857000000,Level 8 Computer Science
S0000000117,Connor Gonzales,landon.ross@example.com,353878000000,Master of Science in Cybersecurity
S0000000118,Naomi Bryant,elena.powell@example.com,353869000000,level 7 Diploma in Networking & Systems Security
S0000000119,Landon Ross,dominic.clark@example.com,353839000000,Level 7 Diploma in Applied Software Development
S0000000120,Elena Powell,jasmine.taylor@example.com,353850000000,Level 7 Diploma in Data Analytics for Business
S0000000121,Dominic Clark,josiah.young@example.com,353871000000,level 8 Higher Diploma in Data Analytics for Business 
S0000000122,Jasmine Taylor,reagan.williams@example.com,353862000000,level 8 Higher Diploma in Artificial Intelligence 
S0000000123,Josiah Young,grayson.moore@example.com,353853000000,level 8 Higher Diploma in Computing
S0000000124,Reagan Williams,hannah.turner@example.com,353835000000,MSc in Data Analytics
S0000000125,Grayson Moore,asher.morgan@example.com,353876000000,Level 8 Computer Science
S0000000126,Hannah Turner,amelia.martinez@example.com,353857000000,Master of Science in Cybersecurity
S0000000127,Asher Morgan,nathaniel.allen@example.com,353878000000,level 7 Diploma in Networking & Systems Security
S0000000128,Amelia Martinez,paisley.scott@example.com,353869000000,Level 7 Diploma in Applied Software Development
S0000000129,Nathaniel Allen,zachary.perez@example.com,353839000000,Level 7 Diploma in Data Analytics for Business
S0000000130,Paisley Scott,vivian.lewis@example.com,353850000000,level 8 Higher Diploma in Data Analytics for Business 
S0000000131,Zachary Perez,jaxon.butler@example.com,353871000000,level 8 Higher Diploma in Artificial Intelligence 
S0000000132,Vivian Lewis,arianna.diaz@example.com,353862000000,level 8 Higher Diploma in Computing
S0000000133,Jaxon Butler,cole.bennett@example.com,353853000000,MSc in Data Analytics
S0000000134,Arianna Diaz,madelyn.barnes@example.com,353835000000,Level 8 Computer Science
S0000000135,Cole Bennett,owen.bell@example.com,353876000000,Master of Science in Cybersecurity
S0000000136,Madelyn Barnes,clara.watson@example.com,353857000000,level 7 Diploma in Networking & Systems Security
S0000000137,Owen Bell,evan.griffin@example.com,353878000000,Level 7 Diploma in Applied Software Development
S0000000138,Clara Watson,adeline.cox@example.com,353869000000,Level 7 Diploma in Data Analytics for Business
S0000000139,Evan Griffin,maxine.price@example.com,353839000000,level 8 Higher Diploma in Data Analytics for Business 
S0000000140,Adeline Cox,xander.foster@example.com,353850000000,level 8 Higher Diploma in Artificial Intelligence 
S0000000141,Maxine Price,madeline.griffin@example.com,353871000000,level 8 Higher Diploma in Computing
S0000000142,Xander Foster,bennett.sullivan@example.com,353862000000,MSc in Data Analytics
S0000000143,Madeline Griffin,clara.washington@example.com,353853000000,Level 8 Computer Science
S0000000144,Bennett Sullivan,carson.richardson@example.com,353835000000,Master of Science in Cybersecurity
S0000000145,Clara Washington,alana.long@example.com,353876000000,level 7 Diploma in Networking & Systems Security
S0000000146,Carson Richardson,landon.gonzales@example.com,353857000000,Level 7 Diploma in Applied Software Development
S0000000147,Alana Long,makayla.bryant@example.com,353878000000,Level 7 Diploma in Data Analytics for Business
S0000000148,Landon Gonzales,julian.ross@example.com,353869000000,level 8 Higher Diploma in Data Analytics for Business 
S0000000149,Makayla Bryant,addison.phillips@example.com,353839000000,level 8 Higher Diploma in Artificial Intelligence 
S0000000150,Julian Ross,brooke.wood@example.com,353850000000,level 8 Higher Diploma in Computing
S0000000151,Addison Phillips,dominic.martinez@example.com,353871000000,MSc in Data Analytics
S0000000152,Brooke Wood,lily.sullivan@example.com,353862000000,Level 8 Computer Science
S0000000153,Dominic Martinez,grayson.turner@example.com,353853000000,Master of Science in Cybersecurity
S0000000154,Lily Sullivan,brooklyn.morgan@example.com,353835000000,level 7 Diploma in Networking & Systems Security
S0000000155,Grayson Turner,tucker.allen@example.com,353876000000,Level 7 Diploma in Applied Software Development
S0000000156,Brooklyn Morgan,adeline.taylor@example.com,353857000000,Level 7 Diploma in Data Analytics for Business
S0000000157,Tucker Allen,ezra.young@example.com,353878000000,level 8 Higher Diploma in Data Analytics for Business 
S0000000158,Adeline Taylor,harper.williams@example.com,353869000000,level 8 Higher Diploma in Artificial Intelligence 
S0000000159,Ezra Young,aurora.moore@example.com,353839000000,level 8 Higher Diploma in Computing
S0000000160,Harper Williams,chase.turner@example.com,353850000000,MSc in Data Analytics
S0000000161,Aurora Moore,quinn.scott@example.com,353871000000,Level 8 Computer Science
S0000000162,Chase Turner,sadie.butler@example.com,353862000000,Master of Science in Cybersecurity
S0000000163,Quinn Scott,max.patterson@example.com,353853000000,level 7 Diploma in Networking & Systems Security
S0000000164,Sadie Butler,nova.howard@example.com,353835000000,Level 7 Diploma in Applied Software Development
S0000000165,Max Patterson,marcus.gonzalez@example,353876000000,Level 7 Diploma in Data Analytics for Business
S0000000166,Nova Howard,julia.barnes@example.com,353857000000,level 8 Higher Diploma in Data Analytics for Business 
S0000000167,Marcus Gonzalez,ryder.parker@example.com,353878000000,level 8 Higher Diploma in Artificial Intelligence 
S0000000168,Julia Barnes,eliza.watson@example.com,353869000000,level 8 Higher Diploma in Computing
S0000000169,Ryder Parker,caleb.griffin@example.com,353839000000,MSc in Data Analytics
S0000000170,Eliza Watson,raelynn.cox@example.com,353850000000,Level 8 Computer Science
S0000000171,Caleb Griffin,leo.price@example.com,353871000000,Master of Science in Cybersecurity
S0000000172,Raelynn Cox,rowan.foster@example.com,353862000000,level 7 Diploma in Networking & Systems Security
S0000000173,Leo Price,finley.griffin@example.com,353853000000,Level 7 Diploma in Applied Software Development
S0000000174,Rowan Foster,raegan.sullivan@example.com,353835000000,Level 7 Diploma in Data Analytics for Business
S0000000175,Finley Griffin,lincoln.washington@example.com,353876000000,level 8 Higher Diploma in Data Analytics for Business 
S0000000176,Raegan Sullivan,elena.richardson@example.com,353857000000,level 8 Higher Diploma in Artificial Intelligence 
S0000000177,Lincoln Washington,jax.gonzales@example.com,353878000000,level 8 Higher Diploma in Computing
S0000000178,Elena Richardson,adelaide.bryant@example.com,353869000000,MSc in Data Analytics
S0000000179,Jax Gonzales,micah.ross@example.com,353839000000,Level 8 Computer Science
S0000000180,Adelaide Bryant,arabella.phillips@example.com,353850000000,Master of Science in Cybersecurity
S0000000181,Micah Ross,phoenix.wood@example.com,353871000000,level 7 Diploma in Networking & Systems Security
S0000000182,Arabella Phillips,lydia.martinez@example.com,353862000000,Level 7 Diploma in Applied Software Development
S0000000183,Phoenix Wood,zane.allen@example.com,353853000000,Level 7 Diploma in Data Analytics for Business
S0000000184,Lydia Martinez,violet.taylor@example.com,353835000000,level 8 Higher Diploma in Data Analytics for Business 
S0000000185,Zane Allen,blake.young@example.com,353876000000,level 8 Higher Diploma in Artificial Intelligence 
S0000000186,Violet Taylor,morgan.williams@example.com,353857000000,level 8 Higher Diploma in Computing
S0000000187,Blake Young,kiara.moore@example.com,353878000000,MSc in Data Analytics
S0000000188,Morgan Williams,brody.turner@example.com,353869000000,Level 8 Computer Science
S0000000189,Kiara Moore,esther.scott@example.com,353839000000,Master of Science in Cybersecurity
S0000000190,Brody Turner,jett.butler@example.com,353850000000,level 7 Diploma in Networking & Systems Security
S0000000191,Esther Scott,isabel.patterson@example.com,353871000000,Level 7 Diploma in Applied Software Development
S0000000192,Jett Butler,august.howard@example.com,353862000000,Level 7 Diploma in Data Analytics for Business
S0000000193,Isabel Patterson,delilah.gonzalez@example.com,353853000000,level 8 Higher Diploma in Data Analytics for Business 
S0000000194,August Howard,dean.barnes@example.com,353835000000,level 8 Higher Diploma in Artificial Intelligence 
S0000000195,Delilah Gonzalez,ruth.parker@example.com,353876000000,level 8 Higher Diploma in Computing
S0000000196,Dean Barnes,felix.watson@example.com,353857000000,MSc in Data Analytics
S0000000197,Ruth Parker,keira.griffin@example.com,353878000000,Level 8 Computer Science
S0000000198,Felix Watson,marco.sullivan@example.com,353869000000,Master of Science in Cybersecurity
S0000000199,Keira Griffin,ruby.washington@example.com,353839000000,level 7 Diploma in Networking & Systems Security
S0000000200,Marco Sullivan,waylon.richardson@example.com,353850000000,Level 7 Diploma in Applied Software Development
S0000000201,Ruby Washington,izabella.long@example.com,353871000000,Level 7 Diploma in Data Analytics for Business
S0000000202,Waylon Richardson,zander.gonzales@example.com,353862000000,level 8 Higher Diploma in Data Analytics for Business 
S0000000203,Izabella Long,alice.bryant@example.com,353853000000,level 8 Higher Diploma in Artificial Intelligence 
S0000000204,Zander Gonzales,emery.ross@example.com,353835000000,level 8 Higher Diploma in Computing
S0000000205,Alice Bryant,spencer.phillips@example.com,353876000000,MSc in Data Analytics
S0000000206,Emery Ross,lana.wood@example.com,353857000000,Level 8 Computer Science
S0000000207,Spencer Phillips,daxton.martinez@example.com,353878000000,Master of Science in Cybersecurity
S0000000208,Lana Wood,adriana.allen@example.com,353869000000,level 7 Diploma in Networking & Systems Security
S0000000209,Daxton Martinez,greyson.taylor@example.com,353839000000,Level 7 Diploma in Applied Software Development
S0000000210,Adriana Allen,charlee.young@example.com,353850000000,Level 7 Diploma in Data Analytics for Business
S0000000211,Greyson Taylor,gideon.williams@example.com,353871000000,level 8 Higher Diploma in Data Analytics for Business 
S0000000212,Charlee Young,talia.moore@example.com,353862000000,level 8 Higher Diploma in Artificial Intelligence 
S0000000213,Gideon Williams,kian.turner@example.com,353853000000,level 8 Higher Diploma in Computing
S0000000214,Talia Moore,adaline.scott@example.com,353835000000,MSc in Data Analytics
S0000000215,Kian Turner,princeton.butler@example.com,353876000000,Level 8 Computer Science
S0000000216,Adaline Scott,kinsley.patterson@example.com,353857000000,Master of Science in Cybersecurity
S0000000217,Princeton Butler,kylan.howard@example.com,353878000000,level 7 Diploma in Networking & Systems Security
S0000000218,Kinsley Patterson,leia.gonzalez@example.com,353869000000,Level 7 Diploma in Applied Software Development
S0000000219,Kylan Howard,jessie.barnes@example.com,353839000000,Level 7 Diploma in Data Analytics for Business
S0000000220,Leia Gonzalez,yara.parker@example.com,353850000000,level 8 Higher Diploma in Data Analytics for Business 
S0000000221,Jessie Barnes,apollo.watson@example.com,353871000000,level 8 Higher Diploma in Artificial Intelligence 
S0000000222,Yara Parker,evangeline.griffin@example.com,353862000000,level 8 Higher Diploma in Computing
S0000000223,Apollo Watson,jayce.cox@example.com,353853000000,MSc in Data Analytics
S0000000224,Evangeline Griffin,amara.price@example.com,353835000000,Level 8 Computer Science
S0000000225,Jayce Cox,cassius.foster@example.com,353876000000,Master of Science in Cybersecurity
S0000000226,Amara Price,elaina.griffin@example.com,353857000000,level 7 Diploma in Networking & Systems Security
S0000000227,Cassius Foster,leon.sullivan@example.com,353878000000,Level 7 Diploma in Applied Software Development
S0000000228,Elaina Griffin,mabel.washington@example.com,353869000000,Level 7 Diploma in Data Analytics for Business
S0000000229,Leon Sullivan,raylan.richardson@example.com,353839000000,level 8 Higher Diploma in Data Analytics for Business 
S0000000230,Mabel Washington,bria.long@example.com,353850000000,level 8 Higher Diploma in Artificial Intelligence 
S0000000231,Raylan Richardson,zayn.gonzales@example.com,353871000000,level 8 Higher Diploma in Computing
S0000000232,Bria Long,jolene.bryant@example.com,353862000000,MSc in Data Analytics
S0000000233,Zayn Gonzales,bodhi.ross@example.com,353853000000,Level 8 Computer Science
S0000000234,Jolene Bryant,ember.phillips@example.com,353835000000,Master of Science in Cybersecurity
S0000000235,Bodhi Ross,eddie.wood@example.com,353876000000,level 7 Diploma in Networking & Systems Security
S0000000236,Ember Phillips,lila.martinez@example.com,353857000000,Level 7 Diploma in Applied Software Development
S0000000237,Eddie Wood,kasen.allen@example.com,353878000000,Level 7 Diploma in Data Analytics for Business
S0000000238,Lila Martinez,ivy.taylor@example.com,353869000000,level 8 Higher Diploma in Data Analytics for Business 
S0000000239,Kasen Allen,dorian.young@example.com,353839000000,level 8 Higher Diploma in Artificial Intelligence 
S0000000240,Ivy Taylor,rosalie.williams@example.com,353850000000,level 8 Higher Diploma in Computing
S0000000241,Dorian Young,maison.moore@example.com,353871000000,MSc in Data Analytics
S0000000242,Rosalie Williams,leilani.turner@example.com,353862000000,Level 8 Computer Science
S0000000243,Maison Moore,kristopher.scott@example.com,353853000000,Master of Science in Cybersecurity
S0000000244,Leilani Turner,amiya.butler@example.com,353835000000,level 7 Diploma in Networking & Systems Security
S0000000245,Kristopher Scott,isha.patterson@example.com,353876000000,Level 7 Diploma in Applied Software Development
S0000000246,Amiya Butler,otto.howard@example.com,353857000000,Level 7 Diploma in Data Analytics for Business
S0000000247,Isha Patterson,florence.gonzalez@example.com,353878000000,level 8 Higher Diploma in Data Analytics for Business 
S0000000248,Otto Howard,clyde.barnes@example.com,353869000000,level 8 Higher Diploma in Artificial Intelligence 
S0000000249,Florence Gonzalez,lilith.parker@example.com,353839000000,level 8 Higher Diploma in Computing
S0000000250,Clyde Barnes,fisher.watson@example.com,353850000000,MSc in Data Analytics
S0000000251,Lilith Parker,aurora.griffin@example.com,353871000000,Level 8 Computer Science
S0000000252,Fisher Watson,jayson.cox@example.com,353862000000,Master of Science in Cybersecurity
S0000000253,Aurora Griffin,bonnie.price@example.com,353853000000,level 7 Diploma in Networking & Systems Security
S0000000254,Jayson Cox,giancarlo.foster@example.com,353835000000,Level 7 Diploma in Applied Software Development
S0000000255,Bonnie Price,ariadne.griffin@example.com,353876000000,Level 7 Diploma in Data Analytics for Business
S0000000256,Giancarlo Foster,benson.sullivan@example.com,353857000000,level 8 Higher Diploma in Data Analytics for Business 
S0000000257,Ariadne Griffin,katalina.washington@example.com,353878000000,level 8 Higher Diploma in Artificial Intelligence 
S0000000258,Benson Sullivan,cade.richardson@example.com,353869000000,level 8 Higher Diploma in Computing
S0000000259,Katalina Washington,zaria.long@example.com,353839000000,MSc in Data Analytics
S0000000260,Cade Richardson,luciano.gonzales@example.com,353850000000,Level 8 Computer Science
S0000000261,Zaria Long,isabela.bryant@example.com,353871000000,Master of Science in Cybersecurity
S0000000262,Luciano Gonzales,roy.ross@example.com,353862000000,level 7 Diploma in Networking & Systems Security
S0000000263,Isabela Bryant,belinda.phillips@example.com,353853000000,Level 7 Diploma in Applied Software Development
S0000000264,Roy Ross,marcel.wood@example.com,353835000000,Level 7 Diploma in Data Analytics for Business
S0000000265,Belinda Phillips,reese.martinez@example.com,353876000000,level 8 Higher Diploma in Data Analytics for Business 
S0000000266,Marcel Wood,whitney.allen@example.com,353857000000,level 8 Higher Diploma in Artificial Intelligence 
S0000000267,Reese Martinez,kamari.taylor@example.com,353878000000,level 8 Higher Diploma in Computing
S0000000268,Whitney Allen,marley.young@example.com,353869000000,MSc in Data Analytics
S0000000269,Kamari Taylor,gustavo.williams@example.com,353839000000,Level 8 Computer Science
S0000000270,Marley Young,lacey.moore@example.com,353850000000,Master of Science in Cybersecurity
S0000000271,Gustavo Williams,caspian.turner@example.com,353871000000,level 7 Diploma in Networking & Systems Security
S0000000272,Lacey Moore,kiera.scott@example.com,353862000000,Level 7 Diploma in Applied Software Development
S0000000273,Caspian Turner,yahir.butler@example.com,353853000000,Level 7 Diploma in Data Analytics for Business
S0000000274,Kiera Scott,kori.patterson@example.com,353835000000,level 8 Higher Diploma in Data Analytics for Business 
S0000000275,Yahir Butler,jamari.howard@example.com,353876000000,level 8 Higher Diploma in Artificial Intelligence 
S0000000276,Kori Patterson,aislinn.gonzalez@example.com,353857000000,level 8 Higher Diploma in Computing
S0000000277,Jamari Howard,alaric.barnes@example.com,353878000000,MSc in Data Analytics
S0000000278,Aislinn Gonzalez,marisol.parker@example.com,353869000000,Level 8 Computer Science
S0000000279,Alaric Barnes,hamza.watson@example.com,353839000000,Master of Science in Cybersecurity
S0000000280,Marisol Parker,xiomara.griffin@example.com,353850000000,level 7 Diploma in Networking & Systems Security
S0000000281,Hamza Watson,dayton.cox@example.com,353871000000,Level 7 Diploma in Applied Software Development
S0000000282,Xiomara Griffin,amayah.price@example.com,353862000000,Level 7 Diploma in Data Analytics for Business
S0000000283,Dayton Cox,draven.foster@example.com,353853000000,level 8 Higher Diploma in Data Analytics for Business 
S0000000284,Amayah Price,alessandra.griffin@example.com,353835000000,level 8 Higher Diploma in Artificial Intelligence 
S0000000285,Draven Foster,jadiel.sullivan@example.com,353876000000,level 8 Higher Diploma in Computing
S0000000286,Alessandra Griffin,skyla.washington@example.com,353857000000,MSc in Data Analytics
S0000000287,Jadiel Sullivan,keenan.richardson@example.com,353878000000,Level 8 Computer Science
S0000000288,Skyla Washington,arya.long@example.com,353869000000,Master of Science in Cybersecurity
S0000000289,Keon Richardson,armando.gonzales@example.com,353839000000,level 7 Diploma in Networking & Systems Security
S0000000290,Arya Long,kadence.bryant@example.com,353850000000,Level 7 Diploma in Applied Software Development
S0000000291,Armando Gonzales,callum.ross@example.com,353871000000,Level 7 Diploma in Data Analytics for Business
S0000000292,Kadence Bryant,thalia.phillips@example.com,353862000000,level 8 Higher Diploma in Data Analytics for Business 
S0000000293,Callum Ross,jaziel.wood@example.com,353853000000,level 8 Higher Diploma in Artificial Intelligence 
S0000000294,Thalia Phillips,haylee.martinez@example.com,353835000000,level 8 Higher Diploma in Computing
S0000000295,Jaziel Wood,kylan.allen@example.com,353876000000,MSc in Data Analytics
S0000000296,Haylee Martinez,avah.taylor@example.com,353857000000,Level 8 Computer Science
S0000000297,Kylan Allen,adrien.young@example.com,353878000000,Master of Science in Cybersecurity
S0000000298,Avah Taylor,kori.williams@example.com,353869000000,level 7 Diploma in Networking & Systems Security
S0000000299,Adrien Young,lorcan.moore@example.com,353839000000,Level 7 Diploma in Applied Software Development
S0000000300,Kori Williams,mira.turner@example.com,353850000000,Level 7 Diploma in Data Analytics for Business
S0000000301,Lorcan Moore,bowen.scott@example.com,353871000000,level 8 Higher Diploma in Data Analytics for Business 
S0000000302,Mira Turner,daphne.butler@example.com,353862000000,level 8 Higher Diploma in Artificial Intelligence 
S0000000303,Bowen Scott,coleman.patterson@example.com,353853000000,level 8 Higher Diploma in Computing
S0000000304,Daphne Butler,arjun.howard@example.com,353835000000,MSc in Data Analytics
S0000000305,Coleman Patterson,liana.gonzalez@example.com,353876000000,Level 8 Computer Science
S0000000306,Arjun Howard,lyric.barnes@example.com,353857000000,Master of Science in Cybersecurity
S0000000307,Liana Gonzalez,tyrese.parker@example.com,353878000000,level 7 Diploma in Networking & Systems Security
S0000000308,Lyric Barnes,magdalena.watson@example.com,353869000000,Level 7 Diploma in Applied Software Development
S0000000309,Tyrese Parker,kenny.griffin@example.com,353839000000,Level 7 Diploma in Data Analytics for Business
S0000000310,Magdalena Watson,braylen.cox@example.com,353850000000,level 8 Higher Diploma in Data Analytics for Business 
S0000000311,Kenny Griffin,laylah.price@example.com,353871000000,level 8 Higher Diploma in Artificial Intelligence 
S0000000312,Braylen Cox,atticus.foster@example.com,353862000000,level 8 Higher Diploma in Computing
S0000000313,Laylah Price,amalia.griffin@example.com,353853000000,MSc in Data Analytics
S0000000314,Atticus Foster,maddison.sullivan@example.com,353835000000,Level 8 Computer Science
S0000000315,Amalia Griffin,carlito.washington@example.com,353876000000,Master of Science in Cybersecurity
S0000000316,Maddison Sullivan,yurem.richardson@example.com,353857000000,level 7 Diploma in Networking & Systems Security
S0000000317,Carlito Washington,callie.long@example.com,353878000000,Level 7 Diploma in Applied Software Development
S0000000318,Yurem Richardson,zaylee.gonzales@example.com,353869000000,Level 7 Diploma in Data Analytics for Business
S0000000319,Callie Long,ridge.bryant@example.com,353839000000,level 8 Higher Diploma in Data Analytics for Business 
S0000000320,Zaylee Gonzales,nylah.ross@example.com,353850000000,level 8 Higher Diploma in Artificial Intelligence 
S0000000321,Ridge Bryant,ramiro.phillips@example.com,353871000000,level 8 Higher Diploma in Computing
S0000000322,Nylah Ross,aviana.wood@example.com,353862000000,MSc in Data Analytics
S0000000323,Ramiro Phillips,celine.martinez@example.com,353853000000,Level 8 Computer Science
S0000000324,Aviana Wood,zavier.allen@example.com,353835000000,Master of Science in Cybersecurity
S0000000325,Celine Martinez,emory.taylor@example.com,353876000000,level 7 Diploma in Networking & Systems Security
S0000000326,Zavier Allen,gisselle.young@example.com,353857000000,Level 7 Diploma in Applied Software Development
S0000000327,Emory Taylor,aryan.williams@example.com,353878000000,Level 7 Diploma in Data Analytics for Business
S0000000328,Gisselle Young,zara.moore@example.com,353869000000,level 8 Higher Diploma in Data Analytics for Business 
S0000000329,Aryan Williams,declan.turner@example.com,353839000000,level 8 Higher Diploma in Artificial Intelligence 
S0000000330,Zara Moore,anabella.scott@example.com,353850000000,level 8 Higher Diploma in Computing
S0000000331,Declan Turner,zander.butler@example.com,353871000000,MSc in Data Analytics
S0000000332,Anabella Scott,briley.patterson@example.com,353862000000,Level 8 Computer Science
S0000000333,Zander Butler,baylor.howard@example.com,353853000000,Master of Science in Cybersecurity
S0000000334,Briley Patterson,jayde.gonzalez@example.com,353835000000,level 7 Diploma in Networking & Systems Security
S0000000335,Baylor Howard,marquis.barnes@example.com,353876000000,Level 7 Diploma in Applied Software Development
S0000000336,Jayde Gonzalez,avianna.parker@example.com,353857000000,Level 7 Diploma in Data Analytics for Business
S0000000337,Marquis Barnes,rayne.watson@example.com,353878000000,level 8 Higher Diploma in Data Analytics for Business 
S0000000338,Avianna Parker,bronson.griffin@example.com,353869000000,level 8 Higher Diploma in Artificial Intelligence 
S0000000339,Rayne Watson,karter.cox@example.com,353839000000,level 8 Higher Diploma in Computing
S0000000340,Bronson Griffin,saanvi.price@example.com,353850000000,MSc in Data Analytics
S0000000341,Karter Cox,bridger.foster@example.com,353871000000,Level 8 Computer Science
S0000000342,Saanvi Price,kirsten.griffin@example.com,353862000000,Master of Science in Cybersecurity
S0000000343,Bridger Foster,kymani.sullivan@example.com,353853000000,level 7 Diploma in Networking & Systems Security
S0000000344,Kirsten Griffin,zaniyah.washington@example.com,353835000000,Level 7 Diploma in Applied Software Development
S0000000345,Kymani Sullivan,ryland.richardson@example.com,353876000000,Level 7 Diploma in Data Analytics for Business
S0000000346,Zaniyah Washington,yara.long@example.com,353857000000,level 8 Higher Diploma in Data Analytics for Business 
S0000000347,Ryland Richardson,kolten.gonzales@example.com,353878000000,level 8 Higher Diploma in Artificial Intelligence 
S0000000348,Yara Long,raquel.bryant@example.com,353869000000,level 8 Higher Diploma in Computing
S0000000349,Kolten Gonzales,tate.thompson@example.com,353839000000,MSc in Data Analytics
S0000000350,Raquel Bryant,holly.mitchell@example.com,353850000000,Level 8 Computer Science
